<?xml version="1.0" encoding="UTF-8"?>
<project-private xmlns="http://www.netbeans.org/ns/project-private/1">
    <editor-bookmarks xmlns="http://www.netbeans.org/ns/editor-bookmarks/2" lastBookmarkId="0"/>
    <open-files xmlns="http://www.netbeans.org/ns/projectui-open-files/2">
        <group>
            <file>file:/D:/Users/tanug.TANUGUPTA/OneDrive/Documents/NetBeansProjects/barcode_generator_org/src/code_wizard/gui/ManageEmployeeFrame.java</file>
            <file>file:/D:/Users/tanug.TANUGUPTA/OneDrive/Documents/NetBeansProjects/barcode_generator_org/src/code_wizard/pojo/ProductPojo.java</file>
            <file>file:/D:/Users/tanug.TANUGUPTA/OneDrive/Documents/NetBeansProjects/barcode_generator_org/src/code_wizard/dao/UserDao.java</file>
            <file>file:/D:/Users/tanug.TANUGUPTA/OneDrive/Documents/NetBeansProjects/barcode_generator_org/src/code_wizard/pojo/ReceptionistPojo.java</file>
            <file>file:/D:/Users/tanug.TANUGUPTA/OneDrive/Documents/NetBeansProjects/barcode_generator_org/src/code_wizard/dao/EmployeeDao.java</file>
            <file>file:/D:/Users/tanug.TANUGUPTA/OneDrive/Documents/NetBeansProjects/barcode_generator_org/src/code_wizard/gui/ViewOrdersFrame.java</file>
            <file>file:/D:/Users/tanug.TANUGUPTA/OneDrive/Documents/NetBeansProjects/barcode_generator_org/src/code_wizard/pojo/Barcode_IMG_Generator.java</file>
            <file>file:/D:/Users/tanug.TANUGUPTA/OneDrive/Documents/NetBeansProjects/barcode_generator_org/src/code_wizard/dao/ReceptionistDao.java</file>
            <file>file:/D:/Users/tanug.TANUGUPTA/OneDrive/Documents/NetBeansProjects/barcode_generator_org/src/code_wizard/gui/UpdateEmployeeFrame.java</file>
            <file>file:/D:/Users/tanug.TANUGUPTA/OneDrive/Documents/NetBeansProjects/barcode_generator_org/src/code_wizard/images/istockphoto-1278673220-1024x1024.jpg</file>
            <file>file:/D:/Users/tanug.TANUGUPTA/OneDrive/Documents/NetBeansProjects/barcode_generator_org/src/code_wizard/gui/RemoveReceptionistFrame.java</file>
            <file>file:/D:/Users/tanug.TANUGUPTA/OneDrive/Documents/NetBeansProjects/barcode_generator_org/src/code_wizard/gui/AddItemFrame.java</file>
            <file>file:/D:/Users/tanug.TANUGUPTA/OneDrive/Documents/NetBeansProjects/barcode_generator_org/src/code_wizard/gui/AddReceptionistFrame.java</file>
            <file>file:/D:/Users/tanug.TANUGUPTA/OneDrive/Documents/NetBeansProjects/barcode_generator_org/src/code_wizard/images/istockphoto-1204743098-1024x1024.jpg</file>
            <file>file:/D:/Users/tanug.TANUGUPTA/OneDrive/Documents/NetBeansProjects/barcode_generator_org/src/code_wizard/pojo/Employeepojo.java</file>
            <file>file:/D:/Users/tanug.TANUGUPTA/OneDrive/Documents/NetBeansProjects/barcode_generator_org/src/code_wizard/gui/ManagestockFrame.java</file>
            <file>file:/D:/Users/tanug.TANUGUPTA/OneDrive/Documents/NetBeansProjects/barcode_generator_org/src/code_wizard/dbutil/DBConnection.java</file>
            <file>file:/D:/Users/tanug.TANUGUPTA/OneDrive/Documents/NetBeansProjects/barcode_generator_org/src/code_wizard/pojo/code128Bean.java</file>
            <file>file:/D:/Users/tanug.TANUGUPTA/OneDrive/Documents/NetBeansProjects/barcode_generator_org/src/code_wizard/images/istockphoto-1164885329-1024x1024.jpg</file>
            <file>file:/D:/Users/tanug.TANUGUPTA/OneDrive/Documents/NetBeansProjects/barcode_generator_org/src/code_wizard/gui/BillingFrame.java</file>
            <file>file:/D:/Users/tanug.TANUGUPTA/OneDrive/Documents/NetBeansProjects/barcode_generator_org/src/code_wizard/gui/AddEmployeeFrame.java</file>
            <file>file:/D:/Users/tanug.TANUGUPTA/OneDrive/Documents/NetBeansProjects/barcode_generator_org/src/code_wizard/gui/ManagerOptionFrame.java</file>
            <file>file:/D:/Users/tanug.TANUGUPTA/OneDrive/Documents/NetBeansProjects/barcode_generator_org/src/code_wizard/gui/ViewStocksFrame.java</file>
            <file>file:/D:/Users/tanug.TANUGUPTA/OneDrive/Documents/NetBeansProjects/barcode_generator_org/src/code_wizard/gui/UpdateReceptionistFrame.java</file>
            <file>file:/D:/Users/tanug.TANUGUPTA/OneDrive/Documents/NetBeansProjects/barcode_generator_org/src/code_wizard/images/istockphoto-1341538285-1024x1024.jpg</file>
            <file>file:/D:/Users/tanug.TANUGUPTA/OneDrive/Documents/NetBeansProjects/barcode_generator_org/src/code_wizard/gui/ViewReceptionistFrame.java</file>
            <file>file:/D:/Users/tanug.TANUGUPTA/OneDrive/Documents/NetBeansProjects/barcode_generator_org/src/code_wizard/gui/ReceptionistOptionFrame.java</file>
            <file>file:/D:/Users/tanug.TANUGUPTA/OneDrive/Documents/NetBeansProjects/barcode_generator_org/src/code_wizard/gui/ViewEmployeesFrame.java</file>
            <file>file:/D:/Users/tanug.TANUGUPTA/OneDrive/Documents/NetBeansProjects/barcode_generator_org/src/code_wizard/gui/LoginFrame.java</file>
            <file>file:/D:/Users/tanug.TANUGUPTA/OneDrive/Documents/NetBeansProjects/barcode_generator_org/src/code_wizard/gui/UpdateItemFrame.java</file>
            <file>file:/D:/Users/tanug.TANUGUPTA/OneDrive/Documents/NetBeansProjects/barcode_generator_org/src/code_wizard/dao/ProductDao.java</file>
            <file>file:/D:/Users/tanug.TANUGUPTA/OneDrive/Documents/NetBeansProjects/barcode_generator_org/src/code_wizard/pojo/user_pojo.java</file>
            <file>file:/D:/Users/tanug.TANUGUPTA/OneDrive/Documents/NetBeansProjects/barcode_generator_org/src/code_wizard/gui/DeleteItemFrame.java</file>
            <file>file:/D:/Users/tanug.TANUGUPTA/OneDrive/Documents/NetBeansProjects/barcode_generator_org/src/code_wizard/gui/ManageReceptionistFrame.java</file>
        </group>
    </open-files>
</project-private>
